Unnamed: 0,hhid,intmonth,stfips,weight,earnwke,uhours,grade92,race,ethnic,age,sex,marital,ownchild,chldpres,prcitshp,state,ind02,occ2012,class,unionmme,unioncov,lfsr94,sample,female,w,lnw
1312,53310760979891,January,CA,2884.5314,1500.0,40,44,1,,35,2,1,2,6,"Native, Born In US",93,Scientific research and development services (5417),840,Government - State,No,No,Employed-At Work,1.0,True,37.5,3.624340932976365
6074,470190929200386,January,FL,3630.2294,576.92,40,44,1,,29,1,7,0,0,"Foreign Born, Not a US Citizen",59,"Banking and related activities (521, 52211,52219)",840,"Private, For Profit",No,No,Employed-At Work,1.0,False,14.422999999999998,2.668824154601373
12874,931212960700158,January,MN,2017.4999,2596.15,40,40,1,,34,1,1,2,5,"Native, Born In US",MN,"Securities, commodities, funds, trusts, and other financial investments (523, 525)",840,"Private, For Profit",No,No,Employed-At Work,1.0,False,64.90375,4.172905403242624
16401,563855093906996,January,NY,3062.212,2307.69,45,43,8,,32,1,7,0,0,"Native, Born In US",NY,"Securities, commodities, funds, trusts, and other financial investments (523, 525)",840,"Private, For Profit",No,No,Employed-At Work,1.0,False,51.282000000000004,3.937339813411936
16514,730609982276166,January,NY,3032.3353,2403.0,45,46,1,,42,1,3,0,0,"Native, Born In US",NY,"Securities, commodities, funds, trusts, and other financial investments (523, 525)",840,"Private, For Profit",No,No,Employed-At Work,1.0,False,53.4,3.977810745966149
16720,62283360991095,January,NY,2981.7844,2884.61,40,44,1,,43,1,1,3,3,"Native, Born In US",NY,"Securities, commodities, funds, trusts, and other financial investments (523, 525)",840,"Private, For Profit",No,No,Employed-At Work,1.0,False,72.11525,4.27826553371462
17045,940076985379670,January,NY,3567.1985,2884.61,55,42,1,,39,1,1,2,8,"Native, Born In US",NY,"Securities, commodities, funds, trusts, and other financial investments (523, 525)",840,"Private, For Profit",No,No,Employed-At Work,1.0,False,52.44745454545455,3.959811802596086
20393,499450301230974,January,RI,730.8868,1153.84,40,43,1,,40,2,3,2,10,"Native, Born In US",RI,Insurance carriers and related activities (524),840,"Private, For Profit",No,No,Employed-At Work,1.0,True,28.845999999999997,3.3619713351613183
25878,694420615360675,January,WY,453.9823,680.0,40,43,1,,31,2,1,0,0,"Native, Born In US",83,"Securities, commodities, funds, trusts, and other financial investments (523, 525)",840,"Private, For Profit",No,No,Employed-At Work,1.0,True,17.0,2.833213344056216
27977,659830557640940,February,CA,2849.7023,850.0,40,42,1,,40,2,1,3,9,"Native, Born In US",93,Aircraft and parts manufacturing (336411 to 336413),840,"Private, For Profit",No,No,Employed-At Work,1.0,True,21.25,3.056356895370426
29518,326669580899006,February,CA,3246.0463,2884.61,50,45,1,,53,1,5,0,0,"Native, Born In US",93,Computer systems design and related services (5415),840,"Private, For Profit",No,No,Employed-At Work,1.0,False,57.6922,4.0551219824004106
34773,196948409095749,February,IL,2999.301,2884.61,50,44,1,,46,1,1,3,10,"Native, Born In US",IL,Insurance carriers and related activities (524),840,"Private, For Profit",No,No,Employed-At Work,1.0,False,57.6922,4.0551219824004106
35253,69071890784895,February,IA,1059.3308,872.0,40,43,1,,33,2,7,0,0,"Native, Born In US",IA,"Securities, commodities, funds, trusts, and other financial investments (523, 525)",840,"Private, For Profit",No,No,Employed-At Work,1.0,True,21.8,3.0819099697950434
35319,910220214870041,February,IA,1100.263,1384.61,40,44,1,,30,1,7,0,0,"Native, Born In US",IA,"Securities, commodities, funds, trusts, and other financial investments (523, 525)",840,"Private, For Profit",No,No,Employed-At Work,1.0,False,34.615249999999996,3.544294336406378
42176,85963840980198,February,NJ,2829.1876,807.0,40,42,1,,61,2,1,0,0,"Native, Born In US",NJ,"Securities, commodities, funds, trusts, and other financial investments (523, 525)",840,"Private, For Profit",No,No,Employed-At Work,1.0,True,20.175,3.0044442141560124
42536,26613460012708,February,NY,3392.918,1442.0,40,43,4,,26,1,7,0,0,"Native, Born In US",NY,"Securities, commodities, funds, trusts, and other financial investments (523, 525)",840,"Private, For Profit",No,No,Employed-At Work,1.0,False,36.05,3.584906863730958
45520,84684810014302,February,OR,2152.7764,2884.61,50,44,4,,39,1,1,1,1,"Foreign Born, US Cit By Naturalization",92,"Securities, commodities, funds, trusts, and other financial investments (523, 525)",840,"Private, For Profit",No,No,Employed-At Work,1.0,False,57.6922,4.0551219824004106
48828,972018869449960,February,TX,2995.2506,2307.0,40,44,1,,41,2,5,0,0,"Native, Born In US",74,"Securities, commodities, funds, trusts, and other financial investments (523, 525)",840,"Private, For Profit",No,No,Employed-At Work,1.0,True,57.675,4.054823804059818
48829,972018869449960,February,TX,3533.7815,1403.0,40,44,1,,27,2,7,0,0,"Native, Born In US",74,"Securities, commodities, funds, trusts, and other financial investments (523, 525)",840,"Private, For Profit",No,No,Employed-At Work,1.0,True,35.075,3.5574886259885248
50245,960794580626507,February,VT,357.7859,2884.61,45,44,1,,35,2,1,0,0,"Native, Born In US",VT,Offices of physicians (6211),840,"Private, Nonprofit",No,No,Employed-At Work,1.0,True,64.10244444444444,4.1604824980582364
53576,950948097101649,March,AZ,3340.0696,2500.0,40,43,1,,62,1,1,0,0,"Native, Born In US",86,"Securities, commodities, funds, trusts, and other financial investments (523, 525)",840,"Private, For Profit",No,No,Employed-At Work,1.0,False,62.5,4.135166556742356
55237,100609974197484,March,CA,3089.5772,2403.84,55,44,1,,31,2,1,0,0,"Native, Born In US",93,"Securities, commodities, funds, trusts, and other financial investments (523, 525)",840,"Private, For Profit",No,No,Employed-At Work,1.0,True,43.70618181818182,3.777489552467263
57548,754199639000883,March,DE,334.0228,2307.69,40,44,1,,62,1,1,0,0,"Native, Born In US",51,National security and international affairs (928),840,Government - Federal,No,No,Employed-At Work,1.0,False,57.69225,4.0551228490683195
60358,861613075001703,March,ID,960.1028,865.38,45,43,1,,46,2,1,0,0,"Native, Born In US",82,"Electronic component and product manufacturing, n.e.c. (3344, 3346)",840,"Private, For Profit",No,No,Employed-At Work,1.0,True,19.230666666666668,2.956506227053154
62235,252101610900100,March,IA,1341.8455,1115.38,45,39,1,,42,2,1,2,10,"Native, Born In US",IA,"Securities, commodities, funds, trusts, and other financial investments (523, 525)",840,"Private, For Profit",No,No,Employed-At Work,1.0,True,24.786222222222225,3.210287943237214
63830,499440207650752,March,MD,2244.8945,615.0,40,43,1,,23,1,7,0,0,"Native, Born In US",52,"Securities, commodities, funds, trusts, and other financial investments (523, 525)",840,"Private, For Profit",No,No,Employed-At Work,1.0,False,15.375,2.7327428136925818
64425,945659350489207,March,MA,3464.7718,1057.69,45,43,1,,25,2,7,0,0,"Native, Born In US",MA,Advertising and related services (5418),840,"Private, For Profit",No,No,Employed-At Work,1.0,True,23.504222222222225,3.157180074042299
65484,120701087934711,March,MN,1579.3924,1200.0,20,43,1,,38,2,1,3,3,"Native, Born In US",MN,"Animal food, grain and oilseed milling (3111, 3112)",840,"Private, For Profit",No,No,Employed-At Work,1.0,True,60.0,4.0943445622221
65760,572924085001102,March,MN,1582.5763,1360.0,40,43,1,,36,1,1,3,6,"Native, Born In US",MN,Outpatient care centers (6214),840,"Private, Nonprofit",No,No,Employed-At Work,1.0,False,34.0,3.5263605246161616
67792,370955207019356,March,NH,537.0839,600.0,30,43,1,,40,2,1,2,3,"Native, Born In US",NH,"Securities, commodities, funds, trusts, and other financial investments (523, 525)",840,"Private, For Profit",No,No,Employed-At Work,1.0,True,20.0,2.995732273553991
68972,50300500600133,March,NY,3676.5435,2884.61,60,44,1,,26,1,1,0,0,"Foreign Born, US Cit By Naturalization",NY,"Banking and related activities (521, 52211,52219)",840,"Private, For Profit",Yes,,Employed-At Work,1.0,False,48.07683333333333,3.8728004256064557
69427,975066986359810,March,NY,4313.9871,1000.0,40,43,1,7.0,27,1,7,0,0,"Native, Born In US",NY,Advertising and related services (5418),840,"Private, For Profit",No,No,Employed-At Work,1.0,False,25.0,3.2188758248682006
77867,7915540695592,March,WV,1304.6881,673.0,40,39,1,,57,2,1,0,0,"Native, Born In US",55,"Banking and related activities (521, 52211,52219)",840,"Private, For Profit",No,No,Employed-At Work,1.0,True,16.825,2.8228658755307916
79341,19014366060430,April,AZ,3598.5805,700.0,40,40,1,1.0,38,2,7,3,10,"Native, Born In US",8,"Securities, commodities, funds, trusts, and other financial investments (523, 525)",840,"Private, For Profit",No,No,Employed-At Work,1.0,True,17.5,2.8622008809294686
81353,200609954572542,April,CA,3454.9738,1211.53,40,43,1,,36,1,3,0,0,"Foreign Born, Not a US Citizen",9,"Architectural, engineering, and related services (5413)",840,"Private, For Profit",No,No,Employed-At Work,1.0,False,30.288249999999998,3.410759848526933
83069,200907945302391,April,CT,1447.1282,1730.0,40,44,1,,33,2,1,1,1,"Native, Born In US",1,Aircraft and parts manufacturing (336411 to 336413),840,"Private, For Profit",No,No,Employed-At Work,1.0,True,43.25,3.7669972333778885
86818,71694042907292,April,IL,3069.6633,1211.53,50,44,1,,29,2,1,0,0,"Native, Born In US",3,Agricultural implement manufacturing (33311),840,"Private, For Profit",No,No,Employed-At Work,1.0,True,24.2306,3.187616297212723
88170,767199619900911,April,IA,1404.7891,615.0,40,43,1,,37,1,1,2,3,"Native, Born In US",4,Insurance carriers and related activities (524),840,"Private, For Profit",No,No,Employed-At Work,1.0,False,15.375,2.7327428136925818
92905,151650760380301,April,NE,932.6497,625.0,60,43,1,,27,1,7,0,0,"Native, Born In US",4,"Securities, commodities, funds, trusts, and other financial investments (523, 525)",840,"Private, For Profit",No,No,Employed-At Work,1.0,False,10.416666666666666,2.3434070875143007
94421,395952602009479,April,NJ,3060.8528,1730.0,45,39,1,,45,1,1,0,0,"Native, Born In US",2,"Non-depository credit and related activities (5222, 5223)",840,"Private, For Profit",No,No,Employed-At Work,1.0,False,38.44444444444444,3.6492141977215047
94652,943285096909196,April,NJ,2902.0222,1259.0,40,43,2,,36,2,7,1,1,"Native, Born In US",2,Pharmaceutical and medicine manufacturing (3254),840,"Private, For Profit",No,No,Employed-At Work,1.0,True,31.475,3.449193579930411
95175,390982408016699,April,NY,5265.1184,2884.61,40,43,4,,39,1,1,2,5,"Foreign Born, US Cit By Naturalization",2,"Banking and related activities (521, 52211,52219)",840,"Private, For Profit",No,No,Employed-At Work,1.0,False,72.11525,4.27826553371462
95176,390982408016699,April,NY,4264.4028,1423.0,40,43,4,,39,2,1,2,5,"Foreign Born, US Cit By Naturalization",2,"Banking and related activities (521, 52211,52219)",840,"Private, For Profit",No,No,Employed-At Work,1.0,True,35.575,3.571643143975916
95221,398922007016629,April,NY,3870.6207,1346.15,60,43,1,,24,1,7,0,0,"Native, Born In US",2,"Securities, commodities, funds, trusts, and other financial investments (523, 525)",840,"Private, For Profit",No,No,Employed-At Work,1.0,False,22.435833333333335,3.110659383081029
95813,630863099932289,April,NY,3453.7018,1923.07,40,43,1,,30,2,1,0,0,"Native, Born In US",2,"Securities, commodities, funds, trusts, and other financial investments (523, 525)",840,"Private, For Profit",No,No,Employed-At Work,1.0,True,48.07675,3.872798692268385
97279,230909959975949,April,OH,2910.7835,653.84,40,40,1,,40,1,7,0,0,"Native, Born In US",3,"Securities, commodities, funds, trusts, and other financial investments (523, 525)",840,"Private, For Profit",No,No,Employed-At Work,1.0,False,16.346,2.793983219093938
98537,702902574991752,April,PA,3480.6705,1807.69,40,44,1,,35,1,1,0,0,"Native, Born In US",2,Natural gas distribution (Pt.s2212),840,"Private, For Profit",No,No,Employed-At Work,1.0,False,45.19225,3.8109256119602177
99464,240407932705443,April,RI,492.6685,1000.0,40,42,1,,47,2,7,1,4,"Native, Born In US",1,Pharmacies and drug stores (44611),840,"Private, For Profit",No,No,Employed-At Work,1.0,True,25.0,3.2188758248682006
100817,30614280983297,April,TX,3687.3591,1923.07,40,43,1,,27,2,7,0,0,"Native, Born In US",7,Real estate (531),840,"Private, For Profit",No,No,Employed-At Work,1.0,True,48.07675,3.872798692268385
106793,460461092603949,May,CA,4018.3527,1057.69,60,43,1,,24,1,7,0,0,"Native, Born In US",9,Real estate (531),840,"Private, For Profit",No,No,Employed-At Work,1.0,False,17.62816666666667,2.869498001590518
106934,698820528930930,May,CA,2606.314,2000.0,50,40,1,,47,2,7,0,0,"Native, Born In US",9,Hospitals (622),840,"Private, Nonprofit",No,No,Employed-At Work,1.0,True,40.0,3.6888794541139363
107239,957006765079340,May,CA,4560.8252,1150.0,40,43,8,,24,2,7,0,0,"Native, Born In US",9,"Banking and related activities (521, 52211,52219)",840,"Private, For Profit",No,No,Employed-At Work,1.0,True,28.75,3.3586377672433594
116014,307909322593544,May,MD,1975.7019,1538.0,40,44,2,,47,2,5,1,3,"Native, Born In US",5,Public finance activities (92113),840,Government - Federal,No,No,Employed-Absent,1.0,True,38.45,3.649358695951653
117686,130277369700814,May,MN,1653.2647,2115.38,45,44,1,,44,1,1,2,3,"Native, Born In US",4,"Securities, commodities, funds, trusts, and other financial investments (523, 525)",840,"Private, For Profit",No,No,Employed-At Work,1.0,False,47.00844444444445,3.8503272546022442
121051,57863360946091,May,NY,2600.4303,2884.61,65,43,2,,42,1,1,1,3,"Foreign Born, US Cit By Naturalization",2,"Non-depository credit and related activities (5222, 5223)",840,"Private, For Profit",No,No,Employed-At Work,1.0,False,44.37861538461539,3.7927577179329193
121553,981066987339790,May,NY,7411.6158,1153.84,65,43,4,,23,1,7,0,0,"Native, Born In US",2,"Non-depository credit and related activities (5222, 5223)",840,"Private, For Profit",No,No,Employed-At Work,1.0,False,17.751384615384612,2.8764635193796173
123827,960469970679406,May,OK,3312.9278,846.15,40,43,3,,24,2,7,0,0,"Foreign Born, US Cit By Naturalization",7,Air transportation (481),840,"Private, For Profit",No,No,Employed-At Work,1.0,True,21.15375,3.0518171947401584
132184,24090860965798,June,CA,3308.7824,2884.61,50,44,4,,47,1,1,0,0,"Foreign Born, Not a US Citizen",9,"Non-depository credit and related activities (5222, 5223)",840,"Private, For Profit",No,No,Employed-At Work,1.0,False,57.6922,4.0551219824004106
132410,108907570797966,June,CA,2969.3689,1538.46,45,43,1,7.0,28,2,7,0,0,"Foreign Born, Not a US Citizen",9,3365,840,"Private, For Profit",No,No,Employed-At Work,1.0,True,34.188,3.5318747053037716
134882,920188017008530,June,CO,1748.265,1420.0,40,40,1,,56,1,6,0,0,"Native, Born In US",8,"Securities, commodities, funds, trusts, and other financial investments (523, 525)",840,"Private, For Profit",No,No,Employed-At Work,1.0,False,35.5,3.56953269648137
135319,290696099504819,June,CT,989.1863,1153.0,40,44,2,,35,2,1,2,5,"Foreign Born, Not a US Citizen",1,"Aerospace products and parts manufacturing (336414, 336415, 336419)",840,"Private, For Profit",No,No,Employed-Absent,1.0,True,28.825,3.3612430661551227
135849,57711400782597,June,DE,349.1355,1538.46,40,44,1,,42,2,1,2,3,"Native, Born In US",5,"** Drugs, sundries, and chemical and allied products, merchant (wholesalerss*4242, 4246)",840,"Private, For Profit",No,No,Employed-At Work,1.0,True,38.4615,3.649657740960155
136022,660149040449103,June,DE,342.9751,315.0,35,43,1,,55,2,1,1,4,"Native, Born In US",5,"Securities, commodities, funds, trusts, and other financial investments (523, 525)",840,"Private, For Profit",No,No,Employed-At Work,1.0,True,9.0,2.1972245773362196
136392,712071804188460,June,DC,317.6184,1750.0,40,44,1,,27,1,7,0,0,"Native, Born In US",5,"Banking and related activities (521, 52211,52219)",840,"Private, For Profit",No,No,Employed-At Work,1.0,False,43.75,3.7784916128036232
137736,72551430011003,June,GA,3044.386,961.53,40,44,1,,62,1,1,0,0,"Native, Born In US",5,"Banking and related activities (521, 52211,52219)",840,"Private, For Profit",No,No,Employed-At Work,1.0,False,24.038249999999998,3.179646311676199
138675,542197249600955,June,ID,1136.5668,1057.69,50,44,1,,24,1,7,0,0,"Native, Born In US",8,"Non-depository credit and related activities (5222, 5223)",840,"Private, For Profit",No,No,Employed-At Work,1.0,False,21.1538,3.0518195583844725
138676,542197249600955,June,ID,952.8617,769.23,42,43,6,,25,1,7,0,0,"Native, Born In US",8,Hospitals (622),840,"Private, For Profit",No,No,Employed-At Work,1.0,False,18.315,2.907720396230778
140042,42089172140210,June,IA,1209.1665,1480.76,45,43,1,,30,1,7,0,0,"Native, Born In US",4,"Other health care services (6215, 6219)",840,"Private, Nonprofit",No,No,Employed-At Work,1.0,False,32.90577777777778,3.49364825869841
141019,570916069728719,June,KY,2980.6596,730.0,40,44,7,,44,1,1,1,4,"Native, Born In US",6,Insurance carriers and related activities (524),840,"Private, For Profit",No,No,Employed-At Work,1.0,False,18.25,2.9041650800285006
143705,125057199240250,June,MN,1610.8536,1346.15,45,43,1,,32,1,1,0,0,"Native, Born In US",4,"Securities, commodities, funds, trusts, and other financial investments (523, 525)",840,"Private, For Profit",No,No,Employed-At Work,1.0,False,29.914444444444445,3.39834145553281
145777,64943820010601,June,NV,989.5178,680.0,40,42,1,,57,2,5,0,0,"Native, Born In US",8,"Executive offices and legislative bodies (92111, 92112, 92114, pt. 92115)",840,Government - State,No,No,Employed-At Work,1.0,True,17.0,2.833213344056216
145973,370988601049389,June,NH,683.8441,1153.84,40,39,1,,44,2,1,0,0,"Native, Born In US",1,"Navigational, measuring, electromedical, and control instruments manufacturing (3345)",840,"Private, For Profit",No,No,Employed-At Work,1.0,True,28.845999999999997,3.3619713351613183
146619,408901643793404,June,NJ,3060.8717,2692.3,40,44,1,,54,1,1,1,4,"Native, Born In US",2,"Management, scientific, and technical consulting services (5416)",840,"Private, For Profit",No,No,Employed-At Work,1.0,False,67.3075,4.209271671749139
147522,659080126720943,June,NY,3646.3735,1346.15,85,43,2,,23,1,7,0,0,"Native, Born In US",2,"Securities, commodities, funds, trusts, and other financial investments (523, 525)",840,"Private, For Profit",No,No,Employed-At Work,1.0,False,15.837058823529413,2.7623526888128134
147666,912006555389350,June,NY,3883.2274,2884.61,60,43,1,,28,1,7,0,0,"Native, Born In US",2,"Securities, commodities, funds, trusts, and other financial investments (523, 525)",840,"Private, For Profit",No,No,Employed-At Work,1.0,False,48.07683333333333,3.8728004256064557
147909,536079480749306,June,NY,4372.5489,2884.61,40,43,1,,24,1,7,0,0,"Native, Born In US",2,"Securities, commodities, funds, trusts, and other financial investments (523, 525)",840,"Private, For Profit",No,No,Employed-At Work,1.0,False,72.11525,4.27826553371462
147941,610250848460043,June,NY,3525.9925,2548.0,40,43,1,,45,1,1,1,1,"Native, Born In US",2,"Securities, commodities, funds, trusts, and other financial investments (523, 525)",840,"Private, For Profit",No,No,Employed-At Work,1.0,False,63.7,4.154184562578117
148104,940076685349670,June,NY,3219.4412,1538.46,45,39,1,,52,2,1,0,0,"Native, Born In US",2,"Machinery manufacturing, n.e.c. (3332, 3334, 3339)",840,"Private, For Profit",No,No,Employed-At Work,1.0,True,34.188,3.5318747053037716
148234,6026143340090,June,NY,3791.72,1634.0,40,43,1,,33,1,1,2,8,"Native, Born In US",2,"Securities, commodities, funds, trusts, and other financial investments (523, 525)",840,"Private, For Profit",No,No,Employed-At Work,1.0,False,40.85,3.709906821306012
150820,324011028909092,June,PA,2998.7745,807.69,40,39,1,,59,2,1,0,0,"Native, Born In US",2,Religious organizations (8131),840,"Private, Nonprofit",No,No,Employed-At Work,1.0,True,20.19225,3.005298867423203
151292,15754440980994,June,RI,537.9481,1192.3,42,43,1,,39,2,4,0,0,"Native, Born In US",1,"Securities, commodities, funds, trusts, and other financial investments (523, 525)",840,"Private, For Profit",No,No,Employed-At Work,1.0,True,28.388095238095236,3.3459698755287177
151414,9664840782196,June,RI,503.0313,2884.61,50,39,1,,48,1,1,2,10,"Native, Born In US",1,"Banking and related activities (521, 52211,52219)",840,"Private, For Profit",No,No,Employed-At Work,1.0,False,57.6922,4.0551219824004106
153091,740882098948509,June,TX,5460.7897,1192.0,40,43,7,,44,2,5,0,0,"Native, Born In US",7,"Banking and related activities (521, 52211,52219)",840,"Private, For Profit",No,No,Employed-At Work,1.0,True,29.8,3.3945083935113587
153133,840800085994925,June,TX,4210.4998,1192.3,40,43,4,,42,2,1,2,9,"Foreign Born, US Cit By Naturalization",7,"Banking and related activities (521, 52211,52219)",840,"Private, For Profit",No,No,Employed-At Work,1.0,True,29.807499999999997,3.39476003969815
154750,115302034909675,June,VA,2157.9394,480.0,40,36,1,,36,2,7,1,4,"Native, Born In US",5,Ship and boat building (3366),840,"Private, For Profit",No,No,Employed-At Work,1.0,True,12.0,2.4849066497880004
155039,450109950596491,June,VA,2367.0334,712.0,40,43,2,,36,2,7,1,2,"Native, Born In US",5,Services incidental to transportation (488),840,"Private, For Profit",No,No,Employed-At Work,1.0,True,17.8,2.8791984572980396
156148,2605450017600,June,WI,1708.1262,788.46,40,43,1,,30,2,1,0,0,"Native, Born In US",3,"Banking and related activities (521, 52211,52219)",840,"Private, For Profit",No,No,Employed-At Work,1.0,True,19.7115,2.9812022217696654
158382,610140899359,July,CA,2834.0454,500.0,40,35,1,,54,2,1,0,0,"Native, Born In US",9,Public finance activities (92113),840,Government - Local,No,No,Employed-At Work,1.0,True,12.5,2.5257286443082556
158512,9041903062641,July,CA,3625.5864,600.0,40,40,1,,22,2,7,0,0,"Foreign Born, Not a US Citizen",9,"Securities, commodities, funds, trusts, and other financial investments (523, 525)",840,"Private, For Profit",No,No,Employed-At Work,1.0,True,15.0,2.70805020110221
159044,460181061701494,July,CA,3508.0991,2403.84,60,43,1,,24,1,7,0,0,"Native, Born In US",9,"Non-depository credit and related activities (5222, 5223)",840,"Private, For Profit",No,No,Employed-At Work,1.0,False,40.064,3.6904781754776335
160087,401901970894746,July,CA,2829.4303,1000.0,40,44,1,,36,1,1,2,8,"Native, Born In US",9,"Securities, commodities, funds, trusts, and other financial investments (523, 525)",840,"Private, For Profit",No,No,Employed-At Work,1.0,False,25.0,3.2188758248682006
161183,5570190744693,July,CT,1431.4849,2884.61,40,46,4,,36,2,1,2,5,"Foreign Born, Not a US Citizen",1,"Securities, commodities, funds, trusts, and other financial investments (523, 525)",840,"Private, For Profit",No,No,Employed-At Work,1.0,True,72.11525,4.27826553371462
162046,10110824067481,July,DC,263.9229,1634.61,40,44,1,,30,2,3,0,0,"Foreign Born, US Cit By Naturalization",5,"Accounting, tax preparation, bookkeeping, and payroll services (5412)",840,"Private, For Profit",No,No,Employed-At Work,1.0,True,40.865249999999996,3.710280068654017
162356,611905110906708,July,DC,347.2254,840.0,40,43,1,,24,1,7,0,0,"Native, Born In US",5,"** Petroleum and petroleum products, merchant wholesalers (*4247)",840,"Private, For Profit",No,No,Employed-At Work,1.0,False,21.0,3.044522437723423
162736,14101120686990,July,FL,3313.8302,1500.0,40,39,1,,58,1,1,1,3,"Native, Born In US",5,"Securities, commodities, funds, trusts, and other financial investments (523, 525)",840,"Private, For Profit",No,No,Employed-At Work,1.0,False,37.5,3.624340932976365
163681,103000610068337,July,GA,3278.8793,2115.38,30,43,1,,51,1,1,0,0,"Native, Born In US",5,"Management, scientific, and technical consulting services (5416)",840,"Private, For Profit",No,No,Employed-At Work,1.0,False,70.51266666666668,4.255792362710409
163817,431348120007608,July,GA,3067.1412,1250.0,50,44,1,,62,1,1,0,0,"Native, Born In US",5,Aircraft and parts manufacturing (336411 to 336413),840,"Private, For Profit",No,No,Employed-At Work,1.0,False,25.0,3.2188758248682006
163970,915023962159590,July,GA,2955.915,865.38,40,43,1,,32,1,1,2,5,"Native, Born In US",5,Insurance carriers and related activities (524),840,"Private, For Profit",No,No,Employed-At Work,1.0,False,21.6345,3.0742892627095375
166621,891885110004903,July,IA,2503.2515,1528.84,42,43,1,,36,2,1,2,8,"Native, Born In US",4,"Colleges and universities, including junior colleges (6112, 6113)",840,Government - State,No,No,Employed-At Work,1.0,True,36.400952380952376,3.594594938612294
168881,20510343145863,July,MA,3196.0846,1600.0,50,44,1,,32,1,1,0,0,"Native, Born In US",1,"Securities, commodities, funds, trusts, and other financial investments (523, 525)",840,"Private, For Profit",No,No,Employed-At Work,1.0,False,32.0,3.4657359027997265
169073,810298539500624,July,MA,3065.7014,923.0,40,44,1,,51,2,1,1,4,"Native, Born In US",1,Hospitals (622),840,"Private, For Profit",No,No,Employed-At Work,1.0,True,23.075,3.138749780388916
173717,107153060074821,July,NY,3449.0321,2307.0,60,44,1,,39,2,1,2,8,"Native, Born In US",2,"Banking and related activities (521, 52211,52219)",840,"Private, For Profit",No,No,Employed-At Work,1.0,True,38.45,3.649358695951653
173783,161368005630874,July,NY,3754.8919,2884.0,55,45,4,,27,1,7,0,0,"Foreign Born, US Cit By Naturalization",2,"Securities, commodities, funds, trusts, and other financial investments (523, 525)",840,"Private, For Profit",No,No,Employed-At Work,1.0,False,52.43636363636364,3.959600313172369
175655,299891601690303,July,OH,3547.0849,1250.0,50,43,1,,30,1,7,0,0,"Native, Born In US",3,"Banking and related activities (521, 52211,52219)",840,"Private, For Profit",No,No,Employed-At Work,1.0,False,25.0,3.2188758248682006
175713,959889410139309,July,OH,3130.1929,711.53,40,40,1,,39,1,1,2,6,"Native, Born In US",3,"Banking and related activities (521, 52211,52219)",840,"Private, For Profit",No,No,Employed-At Work,1.0,False,17.788249999999998,2.8785381269683965
176743,140109963300688,July,OR,1763.0121,1653.84,50,44,4,,43,1,1,3,3,"Native, Born In US",9,** Construction (23),840,Government - Local,No,No,Employed-At Work,1.0,False,33.0768,3.4988321302889163
177357,516491489200802,July,PA,2757.1732,1500.0,40,43,1,,37,1,1,0,0,"Native, Born In US",2,"Banking and related activities (521, 52211,52219)",840,"Private, For Profit",No,No,Employed-At Work,1.0,False,37.5,3.624340932976365
177395,680720097141449,July,PA,3086.897,1538.46,50,43,1,,27,1,7,2,5,"Native, Born In US",2,Insurance carriers and related activities (524),840,"Private, For Profit",No,No,Employed-At Work,1.0,False,30.7692,3.4265141896459452
178758,966179310789403,July,SD,517.7196,480.0,40,43,1,,27,1,7,0,0,"Native, Born In US",4,Elementary and secondary schools (6111),840,Government - State,No,No,Employed-At Work,1.0,False,12.0,2.4849066497880004
179997,23098876400631,July,TX,4054.1889,2307.69,40,43,1,,59,1,1,2,10,"Native, Born In US",7,"** Petroleum and petroleum products, merchant wholesalers (*4247)",840,"Private, For Profit",No,No,Employed-At Work,1.0,False,57.69225,4.0551228490683195
181468,199050520620715,July,VA,2461.6412,576.92,50,43,1,,26,1,5,0,0,"Foreign Born, Not a US Citizen",5,"Securities, commodities, funds, trusts, and other financial investments (523, 525)",840,"Private, For Profit",No,No,Employed-At Work,1.0,False,11.5384,2.445680603287163
185887,810002170680806,August,CA,4635.0633,200.0,40,43,4,,25,1,7,0,0,"Native, Born In US",9,"Clothing and accessories, except shoe, stores (448 exc. 44821, 4483)",840,"Private, For Profit",No,No,Employed-At Work,1.0,False,5.0,1.6094379124341003
185933,906006836029400,August,CA,3211.3748,500.0,50,44,4,,31,1,7,0,0,"Native, Born In US",9,"Securities, commodities, funds, trusts, and other financial investments (523, 525)",840,"Private, For Profit",No,No,Employed-At Work,1.0,False,10.0,2.302585092994046
188486,194992203002054,August,DE,486.4312,1250.0,40,43,4,,40,1,1,0,0,"Foreign Born, US Cit By Naturalization",5,"Banking and related activities (521, 52211,52219)",840,"Private, For Profit",No,No,Employed-At Work,1.0,False,31.25,3.4420193761824107
188573,521405006010792,August,DE,480.1942,2019.23,60,44,1,,60,2,1,0,0,"Native, Born In US",5,Insurance carriers and related activities (524),840,"Private, For Profit",No,No,Employed-At Work,1.0,True,33.65383333333333,3.516126967383679
188760,109540572250721,August,DC,392.2061,2230.76,45,43,4,,41,1,7,0,0,"Foreign Born, US Cit By Naturalization",5,"Non-depository credit and related activities (5222, 5223)",840,"Private, For Profit",No,No,Employed-At Work,1.0,False,49.57244444444445,3.903435123797159
188766,110050754740121,August,DC,367.8918,1153.84,42,43,1,,22,1,7,0,0,"Native, Born In US",5,"Accounting, tax preparation, bookkeeping, and payroll services (5412)",840,"Private, For Profit",No,No,Employed-At Work,1.0,False,27.472380952380952,3.3131811709918866
188945,481913501330101,August,DC,259.0643,2884.61,40,44,4,,61,1,1,1,3,"Foreign Born, US Cit By Naturalization",5,National security and international affairs (928),840,Government - Federal,Yes,,Employed-At Work,1.0,False,72.11525,4.27826553371462
189202,221520120105707,August,FL,3511.9879,2884.61,40,44,1,,58,2,5,0,0,"Native, Born In US",5,** Construction (23),840,"Private, For Profit",No,No,Employed-At Work,1.0,True,72.11525,4.27826553371462
191890,210709743274773,August,IL,2672.9231,1634.61,50,43,4,,50,2,7,0,0,"Foreign Born, US Cit By Naturalization",3,Insurance carriers and related activities (524),840,"Private, For Profit",No,No,Employed-At Work,1.0,True,32.6922,3.4871365173398075
192133,210709904806798,August,IL,3074.4828,1100.0,40,43,1,,55,2,1,0,0,"Native, Born In US",3,Hospitals (622),840,"Private, Nonprofit",No,No,Employed-At Work,1.0,True,27.5,3.3141860046725258
192342,625191719800955,August,IN,3936.5217,2884.61,40,43,1,,45,1,1,3,5,"Native, Born In US",3,"Non-depository credit and related activities (5222, 5223)",840,"Private, For Profit",No,No,Employed-At Work,1.0,False,72.11525,4.27826553371462
192961,172942208035979,August,IA,1139.5271,730.0,40,43,1,,29,1,7,0,0,"Native, Born In US",4,"Non-depository credit and related activities (5222, 5223)",840,"Private, For Profit",No,No,Employed-At Work,1.0,False,18.25,2.9041650800285006
194202,720290869200902,August,LA,2818.4354,673.0,40,40,1,,41,2,5,0,0,"Native, Born In US",7,"Banking and related activities (521, 52211,52219)",840,"Private, For Profit",No,No,Employed-At Work,1.0,True,16.825,2.8228658755307916
194613,620131002722270,August,ME,466.6639,1450.0,50,43,1,,53,2,5,0,0,"Native, Born In US",1,"Banking and related activities (521, 52211,52219)",840,"Private, For Profit",No,No,Employed-At Work,1.0,True,29.0,3.367295829986474
194654,961233007820341,August,ME,896.0914,1346.15,40,42,1,,61,2,1,0,0,"Native, Born In US",1,Scientific research and development services (5417),840,"Private, For Profit",No,No,Employed-At Work,1.0,True,33.65375,3.516124491189194
194911,459430773420922,August,MD,1371.8021,2000.0,40,43,1,,56,2,5,0,0,"Native, Born Abroad Of US Parent(s)",5,Administration of human resource programs (923),840,Government - Federal,No,No,Employed-At Work,1.0,True,50.0,3.912023005428146
195207,44075599200671,August,MA,2640.9985,1923.07,40,44,1,,43,1,1,2,5,"Native, Born In US",1,Pharmacies and drug stores (44611),840,"Private, For Profit",No,No,Employed-At Work,1.0,False,48.07675,3.872798692268385
195279,220509927012774,August,MA,3060.3398,807.0,40,43,4,,21,1,7,0,0,"Native, Born In US",1,"Securities, commodities, funds, trusts, and other financial investments (523, 525)",840,"Private, For Profit",No,No,Employed-At Work,1.0,False,20.175,3.0044442141560124
195470,901352001120120,August,MA,3426.6205,1038.46,40,43,1,,24,2,7,0,0,"Native, Born In US",1,3365,840,"Private, For Profit",No,No,Employed-At Work,1.0,True,25.9615,3.2566146713684687
195793,202050711084699,August,MI,2725.4138,800.0,50,40,1,,51,1,1,3,10,"Native, Born In US",3,"Securities, commodities, funds, trusts, and other financial investments (523, 525)",840,"Private, For Profit",No,No,Employed-At Work,1.0,False,16.0,2.772588722239781
196294,20710080217028,August,MN,2719.5934,1442.3,40,43,1,,47,2,5,1,3,"Native, Born In US",4,Grocery stores (4451),840,"Private, For Profit",No,No,Employed-At Work,1.0,True,36.0575,3.585114886475528
196657,710770504750162,August,MN,1292.8182,2307.69,40,43,1,,37,1,1,2,3,"Native, Born In US",4,"Securities, commodities, funds, trusts, and other financial investments (523, 525)",840,"Private, For Profit",No,No,Employed-At Work,1.0,False,57.69225,4.0551228490683195
197271,781194009320230,August,MO,3426.9766,2307.69,45,44,1,,42,1,1,3,2,"Native, Born In US",4,Beverage manufacturing (3121),840,"Private, For Profit",No,No,Employed-At Work,1.0,False,51.282000000000004,3.937339813411936
198272,22032650320490,August,NV,1502.1287,1192.3,40,40,1,,57,2,5,0,0,"Foreign Born, US Cit By Naturalization",8,Computer systems design and related services (5415),840,"Private, For Profit",No,No,Employed-At Work,1.0,True,29.807499999999997,3.39476003969815
200414,610002763331826,August,NY,3280.3621,2884.61,40,44,1,,37,1,7,0,0,"Native, Born In US",2,"Securities, commodities, funds, trusts, and other financial investments (523, 525)",840,"Private, For Profit",No,No,Employed-At Work,1.0,False,72.11525,4.27826553371462
201022,906006536329400,August,NY,4268.4516,1538.46,40,46,4,,36,2,1,0,0,"Foreign Born, Not a US Citizen",2,"Electric power generation, transmission and distribution (Pt. 2211)",840,"Private, For Profit",No,No,Employed-At Work,1.0,True,38.4615,3.649657740960155
202353,93545180201809,August,OH,3880.0754,1096.15,40,42,4,,35,1,1,0,0,"Native, Born In US",3,Postal Service (491),840,Government - Federal,Yes,,Employed-At Work,1.0,False,27.403750000000002,3.310679865343238
203293,510810091542749,August,OR,2013.9507,692.0,40,40,1,,43,1,1,2,4,"Native, Born In US",9,"Banking and related activities (521, 52211,52219)",840,"Private, For Profit",No,No,Employed-At Work,1.0,False,17.3,2.8507065015037334
205941,40810212490855,August,TX,3738.097,900.0,38,43,1,,27,2,7,0,0,"Native, Born In US",7,"Securities, commodities, funds, trusts, and other financial investments (523, 525)",840,"Private, For Profit",No,No,Employed-At Work,1.0,True,23.68421052631579,3.1648086035979253
206395,901401686810242,August,TX,3684.7185,1346.0,40,43,1,1.0,41,1,1,0,0,"Native, Born In US",7,Hospitals (622),840,"Private, Nonprofit",No,No,Employed-At Work,1.0,False,33.65,3.5160130560907366
206397,902000164202448,August,TX,3429.3499,1057.0,50,44,1,,31,1,1,0,0,"Native, Born In US",7,"Non-depository credit and related activities (5222, 5223)",840,"Private, For Profit",No,No,Employed-At Work,1.0,False,21.14,3.051166980442092
207360,404320719026958,August,UT,1412.6043,1250.0,60,44,1,,26,1,7,0,0,"Native, Born In US",8,"Securities, commodities, funds, trusts, and other financial investments (523, 525)",840,"Private, For Profit",No,No,Employed-At Work,1.0,False,20.833333333333332,3.036554268074246
208505,592986008069119,August,VA,3022.1336,600.0,40,43,2,,27,2,7,0,0,"Native, Born In US",5,"Securities, commodities, funds, trusts, and other financial investments (523, 525)",840,"Private, For Profit",No,No,Employed-At Work,1.0,True,15.0,2.70805020110221
211374,671559006600460,September,AR,1239.0264,1115.0,40,43,1,1.0,42,2,5,1,4,"Native, Born In US",7,"Securities, commodities, funds, trusts, and other financial investments (523, 525)",840,"Private, For Profit",No,No,Employed-At Work,1.0,True,27.875,3.3277302297802827
212785,31036291001581,September,CA,3372.3016,1120.0,40,40,4,,39,2,1,1,2,"Native, Born In US",9,Wired telecommunications carriers (*5171),840,"Private, For Profit",No,No,Employed-At Work,1.0,True,28.0,3.332204510175204
213364,622280954851000,September,CA,2847.1087,2884.61,50,44,4,,45,1,1,2,8,"Foreign Born, US Cit By Naturalization",9,"Securities, commodities, funds, trusts, and other financial investments (523, 525)",840,"Private, For Profit",No,No,Employed-At Work,1.0,False,57.6922,4.0551219824004106
215369,511397073903599,September,DC,357.3582,1480.76,40,43,1,,31,2,7,0,0,"Native, Born In US",5,Scientific research and development services (5417),840,"Private, Nonprofit",No,No,Employed-At Work,1.0,True,37.019,3.6114312943547935
218074,109030919099714,September,IL,4127.0845,865.38,40,43,1,,22,1,7,0,0,"Native, Born In US",3,Services incidental to transportation (488),840,"Private, For Profit",No,No,Employed-At Work,1.0,False,21.6345,3.0742892627095375
221045,203190011096406,September,MD,4347.9833,1788.46,40,43,2,,60,2,7,0,0,"Native, Born In US",5,"Non-depository credit and related activities (5222, 5223)",840,Government - Federal,No,No,Employed-At Work,1.0,True,44.7115,3.8002307392246055
221066,242570063908995,September,MD,1563.8486,1923.07,40,40,1,,53,1,1,0,0,"Native, Born In US",5,"Architectural, engineering, and related services (5413)",840,"Private, For Profit",No,No,Employed-At Work,1.0,False,48.07675,3.872798692268385
221697,715239930849209,September,MA,3164.9937,1923.0,45,44,1,,46,1,1,2,10,"Native, Born In US",1,"Securities, commodities, funds, trusts, and other financial investments (523, 525)",840,"Private, For Profit",No,No,Employed-At Work,1.0,False,42.733333333333334,3.75497925581846
224199,511400501820304,September,NE,1099.0523,1076.92,40,43,1,,31,1,1,2,3,"Native, Born In US",4,"Securities, commodities, funds, trusts, and other financial investments (523, 525)",840,"Private, For Profit",No,No,Employed-At Work,1.0,False,26.923000000000002,3.292980939874984
225680,29014579300171,September,NJ,2803.101,650.0,40,43,1,,51,2,7,0,0,"Native, Born In US",2,"Other schools, instruction, and educational services (6116, 6117)",840,"Private, Nonprofit",No,No,Employed-At Work,1.0,True,16.25,2.7880929087757464
226534,763499043903199,September,NY,4525.6854,1442.3,60,43,1,,22,1,7,0,0,"Native, Born In US",2,"Securities, commodities, funds, trusts, and other financial investments (523, 525)",840,"Private, For Profit",No,No,Employed-At Work,1.0,False,24.038333333333334,3.179649778367364
226535,763499043903199,September,NY,4525.6854,961.53,50,43,1,,22,1,7,0,0,"Native, Born In US",2,"Banking and related activities (521, 52211,52219)",840,"Private, For Profit",No,No,Employed-At Work,1.0,False,19.2306,2.9565027603619893
226536,763499043903199,September,NY,4525.6854,1.44,60,43,1,,22,1,7,0,0,"Native, Born In US",2,"Banking and related activities (521, 52211,52219)",840,"Private, For Profit",No,No,Employed-At Work,1.0,False,0.024,-3.7297014486341915
229935,406050015091234,September,PA,3035.1954,1.15,40,44,1,,55,2,3,0,0,"Native, Born In US",2,"Banking and related activities (521, 52211,52219)",840,"Private, For Profit",No,No,Employed-At Work,1.0,True,0.028749999999999998,-3.549117511738778
230378,910007624408352,September,PA,3184.6868,1442.3,40,43,1,,35,1,1,1,3,"Native, Born In US",2,"Accounting, tax preparation, bookkeeping, and payroll services (5412)",840,"Private, For Profit",No,No,Employed-At Work,1.0,False,36.0575,3.585114886475528
230749,994048130759405,September,RI,430.2832,1538.46,38,42,1,,58,1,1,2,4,"Native, Born In US",1,"Colleges and universities, including junior colleges (6112, 6113)",840,"Private, For Profit",No,No,Employed-At Work,1.0,False,40.485789473684214,3.7009510353477055
231066,690955074343049,September,SC,2619.3158,1000.0,40,43,1,,51,2,5,0,0,"Native, Born In US",5,Offices of physicians (6211),840,"Private, For Profit",No,No,Employed-At Work,1.0,True,25.0,3.2188758248682006
231382,207405271610302,September,SD,735.7019,550.0,40,42,1,,34,2,1,2,8,"Native, Born In US",4,"Banking and related activities (521, 52211,52219)",840,"Private, For Profit",No,No,Employed-At Work,1.0,True,13.75,2.6210388241125804
232378,548340401770403,September,TX,3354.5731,1923.0,45,44,1,,47,1,1,2,10,"Native, Born In US",7,"Securities, commodities, funds, trusts, and other financial investments (523, 525)",840,"Private, For Profit",No,No,Employed-At Work,1.0,False,42.733333333333334,3.75497925581846
234361,470913091853999,September,VA,2705.5713,1120.0,40,43,2,,59,2,5,0,0,"Native, Born In US",5,Services incidental to transportation (488),840,"Private, For Profit",No,No,Employed-At Work,1.0,True,28.0,3.332204510175204
235835,599560026320975,September,WI,2057.7339,1011.6,40,40,1,,46,1,1,1,3,"Native, Born In US",3,3095,840,"Private, For Profit",No,No,Employed-At Work,1.0,False,25.29,3.2304090606818736
237156,34699440119006,October,AZ,4130.6407,576.92,40,39,1,1.0,25,1,7,0,0,"Native, Born In US",8,"Non-depository credit and related activities (5222, 5223)",840,"Private, For Profit",No,No,Employed-At Work,1.0,False,14.422999999999998,2.668824154601373
237982,4130714067605,October,CA,2774.5104,1442.0,40,44,4,,38,1,1,3,10,"Native, Born In US",9,"Securities, commodities, funds, trusts, and other financial investments (523, 525)",840,"Private, For Profit",No,No,Employed-At Work,1.0,False,36.05,3.584906863730958
238565,560694064909891,October,CA,4044.1831,2500.0,50,43,4,,25,1,7,0,0,"Native, Born In US",9,"Non-depository credit and related activities (5222, 5223)",840,"Private, For Profit",No,No,Employed-At Work,1.0,False,50.0,3.912023005428146
241393,410000096829521,October,DE,333.035,1192.3,40,44,4,,41,1,1,0,0,"Foreign Born, Not a US Citizen",5,"Banking and related activities (521, 52211,52219)",840,"Private, For Profit",No,No,Employed-At Work,1.0,False,29.807499999999997,3.39476003969815
241397,410001641523400,October,DE,573.1519,2458.33,50,43,1,,26,1,1,0,0,"Native, Born In US",5,"Non-depository credit and related activities (5222, 5223)",840,"Private, For Profit",No,No,Employed-At Work,1.0,False,49.166599999999995,3.895214531178642
241623,74771410964185,October,DC,378.9955,1326.92,40,44,1,,24,1,7,0,0,"Native, Born In US",5,"Administration of economic programs and space research (926, 927)",840,Government - Federal,No,No,Employed-At Work,1.0,False,33.173,3.5017362920407646
241659,110780093250041,October,DC,307.3777,1730.76,60,44,1,,30,1,1,0,0,"Native, Born In US",5,"Securities, commodities, funds, trusts, and other financial investments (523, 525)",840,"Private, For Profit",No,No,Employed-At Work,1.0,False,28.846,3.3619713351613183
243011,83042129140910,October,FL,3895.8052,500.0,20,44,1,,62,2,5,0,0,"Native, Born In US",5,"Banking and related activities (521, 52211,52219)",840,"Private, For Profit",No,No,Employed-At Work,1.0,True,25.0,3.2188758248682006
243352,389630544390941,October,GA,2927.256,2884.61,60,41,1,,58,2,1,0,0,"Native, Born In US",5,** Construction (23),840,"Private, For Profit",No,No,Employed-At Work,1.0,True,48.07683333333333,3.8728004256064557
244423,160017609104391,October,IL,3014.1503,576.0,40,44,1,1.0,61,2,7,0,0,"Native, Born In US",3,Pharmacies and drug stores (44611),840,"Private, For Profit",No,No,Employed-At Work,1.0,True,14.4,2.667228206581955
244459,341773005010591,October,IL,3194.2538,1275.0,45,43,1,,51,2,5,0,0,"Native, Born In US",3,"Motor vehicles and motor vehicle equipment manufacturing (3361, 3362, 3363)",840,"Private, For Profit",No,No,Employed-At Work,1.0,True,28.333333333333332,3.3440389678222067
247834,936084830249500,October,MD,1938.0895,1634.61,40,39,1,,64,2,7,0,0,"Native, Born In US",5,"Administration of economic programs and space research (926, 927)",840,Government - Federal,No,No,Employed-At Work,1.0,True,40.865249999999996,3.710280068654017
247991,845650301480207,October,MA,3041.8128,1500.0,40,43,1,,27,1,7,0,0,"Foreign Born, US Cit By Naturalization",1,"Securities, commodities, funds, trusts, and other financial investments (523, 525)",840,"Private, For Profit",No,No,Employed-At Work,1.0,False,37.5,3.624340932976365
248172,410000122907275,October,MA,2527.3261,780.0,40,43,1,,34,2,7,3,2,"Native, Born In US",1,"Construction, mining and oil field machinery manufacturing (33312, 33313)",840,"Private, For Profit",No,No,Employed-At Work,1.0,True,19.5,2.970414465569701
248654,420609948636999,October,MI,3605.0111,1576.0,40,43,1,,53,2,1,0,0,"Native, Born In US",3,Hospitals (622),840,"Private, Nonprofit",No,No,Employed-At Work,1.0,True,39.4,3.673765816303888
251419,300150217019351,October,NH,740.1557,1500.0,45,43,1,,50,2,1,0,0,"Native, Born In US",1,Pharmacies and drug stores (44611),840,"Private, For Profit",No,No,Employed-At Work,1.0,True,33.333333333333336,3.506557897319982
251427,310980725580143,October,NH,457.4275,1153.84,53,44,1,7.0,40,1,1,3,5,"Foreign Born, US Cit By Naturalization",1,3095,840,"Private, For Profit",No,No,Employed-At Work,1.0,False,21.770566037735847,3.080558875723133
251867,43655150007505,October,NJ,1980.561,1346.15,40,43,1,,32,1,1,0,0,"Native, Born In US",2,"Securities, commodities, funds, trusts, and other financial investments (523, 525)",840,"Private, For Profit",No,No,Employed-At Work,1.0,False,33.65375,3.516124491189194
251920,102300221410049,October,NJ,2684.1666,1538.46,40,44,1,,57,2,5,0,0,"Native, Born In US",2,"Architectural, engineering, and related services (5413)",840,"Private, For Profit",No,No,Employed-At Work,1.0,True,38.4615,3.649657740960155
253122,663987110206807,October,NY,4744.6091,1442.3,55,43,1,,24,1,7,0,0,"Native, Born In US",2,Real estate (531),840,"Private, For Profit",No,No,Employed-At Work,1.0,False,26.223636363636363,3.2666611553569935
253123,663987110206807,October,NY,4744.6091,1442.3,55,43,1,,24,1,7,0,0,"Native, Born In US",2,"Securities, commodities, funds, trusts, and other financial investments (523, 525)",840,"Private, For Profit",No,No,Employed-At Work,1.0,False,26.223636363636363,3.2666611553569935
253180,763499140402109,October,NY,3914.6427,1576.92,45,43,4,,38,2,7,0,0,"Foreign Born, US Cit By Naturalization",2,"Banking and related activities (521, 52211,52219)",840,"Private, For Profit",No,No,Employed-At Work,1.0,True,35.04266666666667,3.5565663666732275
253250,960076521349820,October,NY,4957.7332,788.0,70,43,4,,26,2,7,0,0,"Native, Born In US",2,"Non-depository credit and related activities (5222, 5223)",840,"Private, For Profit",No,No,Employed-At Work,1.0,True,11.257142857142858,2.4210028478085204
253387,131593060072116,October,NY,3296.0806,2115.38,40,43,8,,33,1,1,2,1,"Native, Born In US",2,"Securities, commodities, funds, trusts, and other financial investments (523, 525)",840,"Private, For Profit",No,No,Employed-At Work,1.0,False,52.8845,3.9681102902586276
255350,930190562311003,October,OH,2751.435,961.53,40,43,1,,40,1,1,1,3,"Native, Born In US",3,"Securities, commodities, funds, trusts, and other financial investments (523, 525)",840,"Private, For Profit",No,No,Employed-At Work,1.0,False,24.038249999999998,3.179646311676199
257713,954362140007709,October,SC,3057.8926,913.46,40,43,1,,36,1,1,2,1,"Native, Born In US",5,"Banking and related activities (521, 52211,52219)",840,"Private, For Profit",No,No,Employed-At Work,1.0,False,22.8365,3.1283601331154243
260888,11314000750430,October,VA,3333.1217,2173.07,40,44,1,,42,1,5,0,0,"Native, Born In US",5,National security and international affairs (928),840,Government - Federal,No,No,Employed-Absent,1.0,False,54.326750000000004,3.995016739153331
264560,44005862000461,November,AR,1511.4218,576.92,40,43,1,,22,1,7,0,0,"Native, Born In US",7,Miscellaneous general merchandise stores (4529),840,"Private, For Profit",No,No,Employed-At Work,1.0,False,14.422999999999998,2.668824154601373
264932,610257414767,November,CA,3281.9402,2884.61,60,44,4,,40,1,1,2,3,"Native, Born In US",9,"Securities, commodities, funds, trusts, and other financial investments (523, 525)",840,"Private, For Profit",No,No,Employed-At Work,1.0,False,48.07683333333333,3.8728004256064557
265102,52036703002561,November,CA,4262.7529,2884.61,50,46,4,,35,2,1,2,5,"Foreign Born, Not a US Citizen",9,"Securities, commodities, funds, trusts, and other financial investments (523, 525)",840,"Private, For Profit",No,No,Employed-At Work,1.0,True,57.6922,4.0551219824004106
265295,183290060005942,November,CA,4049.563,1538.3,40,43,1,1.0,48,2,1,0,0,"Native, Born In US",9,Individual and family services (6241),840,"Private, Nonprofit",No,No,Employed-At Work,1.0,True,38.457499999999996,3.649553735447769
265426,410007480610676,November,CA,3156.7347,865.0,40,43,1,,32,2,1,2,5,"Foreign Born, Not a US Citizen",9,"Electronic component and product manufacturing, n.e.c. (3344, 3346)",840,"Private, For Profit",No,No,Employed-Absent,1.0,True,21.625,3.073850052817943
265723,679220287640950,November,CA,3153.322,865.0,40,43,4,,32,2,1,1,3,"Foreign Born, US Cit By Naturalization",9,Computer systems design and related services (5415),840,"Private, For Profit",No,No,Employed-At Work,1.0,True,21.625,3.073850052817943
265844,796749750499001,November,CA,3098.4624,2884.61,50,45,1,,29,2,7,0,0,"Native, Born In US",9,"Securities, commodities, funds, trusts, and other financial investments (523, 525)",840,"Private, For Profit",No,No,Employed-At Work,1.0,True,57.6922,4.0551219824004106
265874,808009982610612,November,CA,3754.5457,2884.61,40,43,4,,37,1,7,0,0,"Foreign Born, US Cit By Naturalization",9,"Securities, commodities, funds, trusts, and other financial investments (523, 525)",840,"Private, For Profit",No,No,Employed-At Work,1.0,False,72.11525,4.27826553371462
265878,808012924610253,November,CA,3436.2644,1084.0,40,43,4,,50,2,1,0,0,"Foreign Born, US Cit By Naturalization",9,"Radio and television broadcasting and cable (5151, 5152, 5175)",840,"Private, For Profit",No,No,Employed-At Work,1.0,True,27.1,3.299533727885655
266347,136750060104558,November,CA,3106.6499,1938.0,40,43,1,,64,1,1,0,0,"Native, Born In US",9,"Securities, commodities, funds, trusts, and other financial investments (523, 525)",840,"Private, For Profit",No,No,Employed-At Work,1.0,False,48.45,3.880532338336775
266461,291265006600683,November,CA,2902.7981,2884.61,45,44,1,,42,1,1,2,8,"Native, Born In US",9,Management of companies and enterprises (551),840,"Private, For Profit",No,No,Employed-At Work,1.0,False,64.10244444444444,4.1604824980582364
267740,47280590770897,November,CT,1102.0471,1153.84,40,39,1,,34,1,1,1,1,"Native, Born In US",1,"Securities, commodities, funds, trusts, and other financial investments (523, 525)",840,"Private, For Profit",No,No,Employed-At Work,1.0,False,28.845999999999997,3.3619713351613183
273690,306209630110250,November,KY,2175.7938,1038.0,45,43,1,,48,2,4,0,0,"Native, Born In US",6,Elementary and secondary schools (6111),840,Government - State,No,No,Employed-At Work,1.0,True,23.066666666666666,3.138388573955514
275223,189562050068356,November,MA,2637.9719,2884.61,40,43,1,,22,1,7,0,0,"Native, Born In US",1,"Management, scientific, and technical consulting services (5416)",840,"Private, For Profit",No,No,Employed-At Work,1.0,False,72.11525,4.27826553371462
276405,905001852104397,November,MN,1637.7405,1923.07,40,40,1,,37,2,1,0,0,"Native, Born In US",4,"Securities, commodities, funds, trusts, and other financial investments (523, 525)",840,"Private, For Profit",No,No,Employed-At Work,1.0,True,48.07675,3.872798692268385
280373,679960396980953,November,NY,3195.6845,1307.0,40,43,1,,36,1,7,0,0,"Native, Born In US",2,"Banking and related activities (521, 52211,52219)",840,"Private, For Profit",No,No,Employed-At Work,1.0,False,32.675,3.4866102595102855
282041,30910170925367,November,OH,3285.9634,1730.76,50,43,1,,27,2,1,0,0,"Native, Born In US",3,"Non-depository credit and related activities (5222, 5223)",840,"Private, For Profit",No,No,Employed-At Work,1.0,True,34.6152,3.544292891955273
282097,357307160900169,November,OH,2862.3831,1653.84,40,44,4,,32,2,1,0,0,"Foreign Born, Not a US Citizen",3,"Pottery, ceramics, and related products manufacturing (32711)",840,"Private, For Profit",No,No,Employed-At Work,1.0,True,41.346,3.721975681603126
283623,305909354694392,November,PA,3664.1491,1730.0,55,43,1,,27,2,7,0,0,"Native, Born In US",2,Computer systems design and related services (5415),840,"Private, For Profit",No,No,Employed-At Work,1.0,True,31.454545454545453,3.4485435022593536
287275,205009964105179,November,UT,1433.8957,2307.69,42,43,1,,38,1,1,4,11,"Native, Born In US",8,"Securities, commodities, funds, trusts, and other financial investments (523, 525)",840,"Private, For Profit",No,No,Employed-At Work,1.0,False,54.945,4.006332684898887
287854,5007715100421,November,VA,2863.712,769.23,40,44,1,,37,2,7,2,3,"Native, Born In US",5,Miscellaneous general merchandise stores (4529),840,"Private, For Profit",No,No,Employed-At Work,1.0,True,19.23075,2.9565105604002095
288029,81145510990695,November,VA,2290.9595,1346.15,40,43,4,,31,1,7,0,0,"Native, Born In US",5,"Banking and related activities (521, 52211,52219)",840,"Private, For Profit",No,No,Employed-At Work,1.0,False,33.65375,3.516124491189194
288441,110006945330013,November,WA,2952.3692,1173.07,50,43,1,,26,1,7,0,0,"Native, Born In US",9,"Securities, commodities, funds, trusts, and other financial investments (523, 525)",840,"Private, For Profit",No,No,Employed-At Work,1.0,False,23.461399999999998,3.155356517489116
291413,550870838581000,December,AR,1051.2012,586.53,40,43,1,,25,1,7,0,0,"Native, Born In US",7,"Colleges and universities, including junior colleges (6112, 6113)",840,Government - State,No,No,Employed-Absent,1.0,False,14.66325,2.685344363566572
292293,280660094206259,December,CA,3076.26,1519.23,40,43,1,,34,1,7,0,0,"Native, Born In US",9,"Banking and related activities (521, 52211,52219)",840,"Private, For Profit",No,No,Employed-At Work,1.0,False,37.98075,3.637079452424553
292361,406035297610532,December,CA,3687.4211,840.0,40,39,1,6.0,26,2,7,0,0,"Native, Born In US",9,Automobile dealers (4411),840,"Private, For Profit",No,No,Employed-At Work,1.0,True,21.0,3.044522437723423
293000,6030017013649,December,CA,3249.8113,2403.0,40,43,1,,57,2,1,0,0,"Native, Born In US",9,Hospitals (622),840,"Private, Nonprofit",No,No,Employed-At Work,1.0,True,60.075,4.095593781622533
293117,57056997001931,December,CA,2891.2053,2884.61,50,44,1,,42,1,1,2,2,"Native, Born In US",9,"** Groceries and related products, merchant wholesalers (*4244)",840,"Private, For Profit",No,No,Employed-At Work,1.0,False,57.6922,4.0551219824004106
294608,360414034918,December,CT,4314.1908,1452.5,40,43,4,,40,1,1,1,3,"Foreign Born, US Cit By Naturalization",1,Insurance carriers and related activities (524),840,"Private, For Profit",Yes,,Employed-At Work,1.0,False,36.3125,3.59216203461213
295383,105112741110630,December,DC,261.0451,1538.46,65,43,1,,27,1,7,0,0,"Native, Born In US",5,"Securities, commodities, funds, trusts, and other financial investments (523, 525)",840,"Private, For Profit",No,No,Employed-At Work,1.0,False,23.668615384615386,3.1641499251784544
295535,195571010109307,December,DC,261.0451,1500.0,60,44,1,,25,1,7,0,0,"Native, Born In US",5,"Non-depository credit and related activities (5222, 5223)",840,"Private, For Profit",No,No,Employed-At Work,1.0,False,25.0,3.2188758248682006
295616,510109351087791,December,DC,261.0451,1538.46,40,43,1,,26,1,7,0,0,"Native, Born In US",5,"Securities, commodities, funds, trusts, and other financial investments (523, 525)",840,"Private, For Profit",No,No,Employed-At Work,1.0,False,38.4615,3.649657740960155
296350,269690854550961,December,FL,3804.9378,1634.61,40,44,1,,37,1,5,0,0,"Foreign Born, US Cit By Naturalization",5,"Securities, commodities, funds, trusts, and other financial investments (523, 525)",840,"Private, For Profit",No,No,Employed-At Work,1.0,False,40.865249999999996,3.710280068654017
297086,331953006909196,December,GA,2826.2474,1057.69,45,43,1,,26,1,7,0,0,"Native, Born In US",5,Real estate (531),840,"Private, For Profit",No,No,Employed-At Work,1.0,False,23.504222222222225,3.157180074042299
297087,331953006909196,December,GA,2826.2474,1346.15,45,43,1,,27,1,7,0,0,"Native, Born In US",5,"Non-depository credit and related activities (5222, 5223)",840,"Private, For Profit",No,No,Employed-At Work,1.0,False,29.914444444444445,3.39834145553281
297134,563197689300950,December,GA,2745.782,2884.61,50,44,1,,43,1,1,4,10,"Native, Born In US",5,"** Recyclable material, merchant wholesalers (*42393)",840,"Private, For Profit",No,No,Employed-At Work,1.0,False,57.6922,4.0551219824004106
298315,306907191283637,December,IL,3095.6058,1846.15,40,43,1,,45,1,1,2,3,"Native, Born In US",3,"Non-depository credit and related activities (5222, 5223)",840,"Private, For Profit",No,No,Employed-At Work,1.0,False,46.15375,3.8319782144191064
298731,737480780600961,December,IL,2786.3404,2461.0,35,44,4,,37,2,1,3,11,"Foreign Born, US Cit By Naturalization",3,"Civic, social, advocacy organizations, and grantmaking and giving services (8132, 8133, 8134)",840,"Private, Nonprofit",No,No,Employed-At Work,1.0,True,70.31428571428572,4.252974988901642
299916,96622600112506,December,KS,1396.5428,1230.76,45,43,1,,27,2,1,0,0,"Native, Born In US",4,Aircraft and parts manufacturing (336411 to 336413),840,"Private, For Profit",No,No,Employed-At Work,1.0,True,27.35022222222222,3.308724653961937
301879,252639056909893,December,MA,4328.3567,2403.0,40,43,1,,34,1,7,0,0,"Native, Born In US",1,"Securities, commodities, funds, trusts, and other financial investments (523, 525)",840,"Private, For Profit",No,No,Employed-At Work,1.0,False,60.075,4.095593781622533
301880,252639056909893,December,MA,4328.3567,865.0,40,43,1,,33,1,7,0,0,"Native, Born In US",1,"Securities, commodities, funds, trusts, and other financial investments (523, 525)",840,"Private, For Profit",No,No,Employed-At Work,1.0,False,21.625,3.073850052817943
301884,293966502098539,December,MA,3756.0773,2057.69,45,43,1,,40,1,1,2,8,"Native, Born In US",1,"Securities, commodities, funds, trusts, and other financial investments (523, 525)",840,"Private, For Profit",No,No,Employed-At Work,1.0,False,45.726444444444446,3.82267678359634
302248,865799560629207,December,MA,3379.8394,1442.0,45,45,1,,47,2,3,3,10,"Native, Born In US",1,"Securities, commodities, funds, trusts, and other financial investments (523, 525)",840,"Private, For Profit",No,No,Employed-At Work,1.0,True,32.044444444444444,3.4671238280745746
302583,406902652792646,December,MI,3355.3181,1730.0,50,44,1,,40,2,4,2,3,"Native, Born In US",3,"Non-depository credit and related activities (5222, 5223)",840,"Private, For Profit",No,No,Employed-At Work,1.0,True,34.6,3.543853682063679
302910,20710234223703,December,MN,3313.5111,1.0,45,43,1,,41,1,1,1,3,"Native, Born In US",4,Insurance carriers and related activities (524),840,"Private, For Profit",No,No,Employed-At Work,1.0,False,0.022222222222222223,-3.8066624897703196
305435,369500252510963,December,NH,527.0251,1980.0,50,44,1,,56,1,1,0,0,"Native, Born In US",1,"Civic, social, advocacy organizations, and grantmaking and giving services (8132, 8133, 8134)",840,"Private, Nonprofit",No,No,Employed-At Work,1.0,False,39.6,3.6788291182604347
305719,804589160999308,December,NJ,2686.3191,1634.61,55,43,4,,27,1,7,0,0,"Native, Born In US",2,"Securities, commodities, funds, trusts, and other financial investments (523, 525)",840,"Private, For Profit",No,No,Employed-At Work,1.0,False,29.720181818181818,3.3918263375354827
305890,300260414034415,December,NJ,2703.0151,1980.0,50,44,1,,56,1,1,0,0,"Native, Born In US",2,"Non-depository credit and related activities (5222, 5223)",840,"Private, For Profit",No,No,Employed-At Work,1.0,False,39.6,3.6788291182604347
306942,563855190901906,December,NY,3791.7095,1673.0,60,43,1,,36,1,1,2,2,"Native, Born In US",2,"Non-depository credit and related activities (5222, 5223)",840,"Private, For Profit",No,No,Employed-At Work,1.0,False,27.883333333333333,3.328029138764723
306964,610420598510063,December,NY,3470.3996,46.15,45,44,1,8.0,42,2,1,0,0,"Native, Born In US",2,Public finance activities (92113),840,Government - Federal,No,No,Employed-At Work,1.0,True,1.0255555555555556,0.025234471178541405
307185,30610005457794,December,NY,2884.4925,1276.92,40,43,1,,28,1,1,0,0,"Native, Born In US",2,Insurance carriers and related activities (524),840,"Private, For Profit",No,No,Employed-At Work,1.0,False,31.923000000000002,3.463326753127704
307855,810177000636500,December,NC,2797.24,1346.15,45,44,1,,54,2,4,0,0,"Native, Born In US",5,****Department stores and discount stores (s45211),840,"Private, For Profit",No,No,Employed-At Work,1.0,True,29.914444444444445,3.39834145553281
312187,774120086909890,December,TN,3413.3264,1730.76,40,44,1,,36,1,1,2,8,"Native, Born In US",6,Home health care services (6216),840,"Private, For Profit",No,No,Employed-At Work,1.0,False,43.269,3.767436443269483
312542,411661810083,December,TX,3852.0659,1153.0,45,40,1,1.0,45,2,1,1,4,"Foreign Born, Not a US Citizen",7,Air transportation (481),840,"Private, For Profit",No,No,Employed-At Work,1.0,True,25.622222222222224,3.2434600304987393
312570,18354680053000,December,TX,3243.7695,1884.4,40,44,1,,25,1,7,0,0,"Native, Born In US",7,Support activities for mining (213),840,"Private, For Profit",No,No,Employed-At Work,1.0,False,47.11,3.85248529271195
312597,40810720674437,December,TX,3418.3108,615.0,40,43,1,1.0,33,1,7,0,0,"Foreign Born, US Cit By Naturalization",7,"Securities, commodities, funds, trusts, and other financial investments (523, 525)",840,"Private, For Profit",No,No,Employed-At Work,1.0,False,15.375,2.7327428136925818
314274,30190001746010,December,UT,1719.9855,920.0,40,43,1,,30,1,1,0,0,"Native, Born In US",8,"Banking and related activities (521, 52211,52219)",840,"Private, For Profit",No,No,Employed-At Work,1.0,False,23.0,3.1354942159291497
314887,5091247501681,December,VA,3038.2476,1923.07,40,40,1,,39,2,1,1,3,"Native, Born In US",5,"Architectural, engineering, and related services (5413)",840,"Private, For Profit",No,No,Employed-At Work,1.0,True,48.07675,3.872798692268385
315030,406902645997521,December,VA,2997.1989,750.0,40,40,1,,32,2,7,0,0,"Native, Born In US",5,"Museums, art galleries, historical sites, and similar institutions (712)",840,"Private, Nonprofit",No,No,Employed-At Work,1.0,True,18.75,2.9311937524164198
315639,663590859300203,December,WA,2589.21,2653.84,40,43,1,,47,1,5,0,0,"Native, Born In US",9,"Non-depository credit and related activities (5222, 5223)",840,"Private, For Profit",No,No,Employed-At Work,1.0,False,66.346,4.19488347260071
316610,506902605991185,December,WI,403.3448,1538.46,48,43,1,,55,2,1,0,0,"Native, Born In US",3,Nursing care facilities (6231),840,"Private, Nonprofit",No,No,Employed-At Work,1.0,True,32.05125,3.4673361841662005
